project_id,product_domain,application_area,problem_clarity_score,technical_complexity_score,technology_maturity_score,data_availability_score,infrastructure_requirement_score,experimental_validation_score,baseline_comparison_flag,real_world_testing_flag,limitations_discussed_flag,rd_cost_estimate,startup_cost_estimate,resource_availability_score,time_to_market_months,target_market_size,competition_level,projected_adoption_rate,unique_selling_proposition_score,projected_roi,regulatory_compliance_flag,legal_risk_flag,risk_level_score,feasibility_score
1001,FinTech,Fraud Detection,9,3,8,9,2,8,1,1,1,150000,75000,8,6,50000000,3,0.85,7,12.5,1,0,2,94
1002,Healthcare,AI Diagnostics,8,8,4,5,7,3,1,0,1,2500000,1200000,5,24,120000000,2,0.45,8,18.2,1,1,7,41
1003,Smart Cities,Traffic Management,7,6,7,6,9,6,1,1,0,850000,400000,6,18,8500000,2,0.60,5,5.5,1,0,4,68
1004,Energy,Biofuels,6,9,3,2,8,2,0,0,1,5000000,8000000,3,48,900000000,1,0.20,9,22.0,0,0,8,28
1005,Education,AI Tutoring,9,4,9,8,3,7,1,1,1,120000,50000,9,8,35000000,3,0.75,4,4.2,1,0,2,88
1006,Cybersecurity,Identity Management,8,5,8,7,4,8,1,1,0,300000,150000,7,10,20000000,2,0.70,6,9.8,1,0,3,82
1007,Agriculture,Drone Monitoring,8,4,7,6,3,7,1,1,1,200000,100000,8,9,45000000,2,0.65,7,8.5,1,0,3,85
1008,Healthcare,Telemedicine,9,2,9,9,2,9,1,1,1,100000,45000,9,4,60000000,3,0.90,3,3.5,1,0,1,96
1009,FinTech,Blockchain Payments,6,8,5,4,6,4,0,0,1,900000,600000,4,20,150000000,3,0.30,8,15.0,0,1,7,35
1010,Smart Cities,Waste Management,7,5,6,5,7,5,1,1,0,400000,350000,6,14,25000000,1,0.50,5,6.0,1,0,4,65
1011,Energy,Solar Storage,8,6,8,7,5,7,1,1,1,3500000,2000000,7,18,500000000,2,0.68,7,10.5,1,0,3,79
1012,Education,VR Classrooms,7,7,5,3,8,4,0,0,1,1200000,900000,4,24,60000000,2,0.35,9,8.0,1,0,6,45
1013,Cybersecurity,Threat Intelligence,9,4,8,9,3,8,1,1,1,250000,120000,9,7,80000000,2,0.78,6,11.2,1,0,2,90
1014,Agriculture,Precision Farming,8,5,7,7,5,6,1,1,0,500000,300000,7,12,110000000,2,0.62,6,7.5,1,0,3,76
1015,Healthcare,Wearables,8,4,8,8,2,8,1,1,1,600000,250000,8,10,220000000,3,0.80,5,6.8,1,0,2,89
1016,FinTech,Robo-Advising,8,5,7,8,3,7,1,1,0,280000,140000,8,9,90000000,3,0.72,4,8.9,1,0,3,81
1017,Smart Cities,Smart Grids,7,8,6,5,9,5,0,0,1,8000000,5000000,5,36,600000000,1,0.40,8,14.5,1,0,6,48
1018,Energy,Wind Turbines,7,7,9,8,9,8,1,1,1,12000000,15000000,6,42,800000000,2,0.55,6,13.0,1,0,5,58
1019,Education,LMS,9,2,10,9,2,9,1,1,1,80000,30000,9,3,40000000,3,0.88,2,2.5,1,0,1,92
1020,Cybersecurity,Network Defense,8,5,9,8,4,8,1,1,1,450000,200000,8,8,150000000,3,0.76,5,7.2,1,0,2,86
1021,Agriculture,Supply Chain,7,4,7,6,4,6,1,0,0,350000,180000,7,11,70000000,2,0.58,5,6.5,1,0,4,72
1022,Healthcare,Electronic Health Records,9,5,9,9,6,8,1,1,1,2000000,1500000,7,18,300000000,3,0.65,4,9.0,1,1,4,68
1023,FinTech,InsurTech,8,4,8,8,3,7,1,1,0,400000,220000,8,10,130000000,2,0.70,6,10.2,1,0,3,84
1024,Smart Cities,Public Safety,6,7,5,4,8,4,0,0,1,1500000,900000,4,22,40000000,2,0.42,7,5.0,0,1,6,38
1025,Energy,Smart Metering,8,4,8,8,5,8,1,1,1,600000,400000,8,12,180000000,2,0.75,5,8.0,1,0,2,83
1026,Education,Credentialing,8,3,8,7,2,7,1,1,1,150000,70000,8,6,25000000,2,0.72,6,6.0,1,0,2,87
1027,Cybersecurity,Encryption,9,6,8,7,3,8,1,1,1,500000,250000,7,14,95000000,2,0.68,7,12.0,1,0,3,80
1028,Agriculture,Automated Harvesting,6,9,4,3,8,3,0,0,1,3000000,1800000,4,30,80000000,1,0.25,9,16.0,0,0,7,32
1029,Healthcare,AI Diagnostics,7,7,5,4,6,4,0,0,1,1800000,950000,5,20,110000000,2,0.40,7,14.0,0,1,6,39
1030,FinTech,Fraud Detection,9,3,9,9,2,9,1,1,1,180000,90000,9,5,65000000,3,0.86,6,11.5,1,0,1,95
1031,Smart Cities,Traffic Management,8,5,7,7,6,7,1,1,0,750000,380000,7,16,15000000,2,0.64,5,6.8,1,0,3,75
1032,Energy,Biofuels,5,8,4,3,7,3,0,0,1,4200000,6000000,3,40,750000000,1,0.28,8,19.5,1,0,7,36
1033,Education,AI Tutoring,8,5,7,6,4,6,1,0,0,250000,120000,7,11,40000000,2,0.66,6,5.5,1,0,3,77
1034,Cybersecurity,Identity Management,9,4,9,9,3,9,1,1,1,350000,180000,9,9,25000000,2,0.80,6,10.5,1,0,2,91
1035,Agriculture,Drone Monitoring,7,5,6,5,4,6,0,1,0,280000,140000,6,13,38000000,2,0.55,6,9.2,1,0,4,69
1036,Healthcare,Telemedicine,8,3,8,8,3,8,1,1,1,150000,75000,8,7,55000000,3,0.82,4,4.8,1,0,2,88
1037,FinTech,Blockchain Payments,7,7,6,5,5,5,1,0,1,800000,500000,5,18,130000000,2,0.45,7,13.0,0,1,6,44
1038,Smart Cities,Waste Management,8,4,7,6,5,7,1,1,0,350000,200000,7,12,20000000,1,0.60,4,5.2,1,0,3,78
1039,Energy,Solar Storage,9,5,9,8,4,8,1,1,1,2800000,1500000,8,15,450000000,2,0.75,6,9.5,1,0,2,86
1040,Education,VR Classrooms,6,8,4,3,7,3,0,0,1,1500000,1100000,4,28,50000000,2,0.30,8,9.5,0,0,7,33
1041,Cybersecurity,Threat Intelligence,8,5,7,7,4,7,1,1,0,320000,160000,7,10,70000000,2,0.65,5,10.0,1,0,3,79
1042,Agriculture,Precision Farming,9,4,8,8,4,8,1,1,1,450000,250000,8,10,95000000,2,0.70,5,8.8,1,0,2,87
1043,Healthcare,Wearables,7,5,7,7,3,6,1,0,0,550000,280000,7,12,180000000,3,0.68,5,7.0,1,0,3,76
1044,FinTech,Robo-Advising,9,4,8,9,2,8,1,1,1,220000,110000,9,8,85000000,3,0.78,5,9.5,1,0,2,90
1045,Smart Cities,Smart Grids,6,9,5,4,8,4,0,0,1,7500000,4500000,4,40,550000000,1,0.35,7,15.5,1,0,7,40
1046,Energy,Wind Turbines,8,6,8,7,8,7,1,1,1,10000000,12000000,7,36,750000000,2,0.62,6,11.0,1,0,4,66
1047,Education,LMS,10,1,10,10,1,9,1,1,1,60000,20000,10,2,35000000,3,0.92,3,3.0,1,0,1,98
1048,Cybersecurity,Network Defense,7,6,7,7,5,6,1,1,0,550000,300000,7,12,130000000,3,0.60,4,6.5,1,0,4,70
1049,Agriculture,Supply Chain,8,4,6,6,3,6,1,0,0,300000,150000,7,10,60000000,2,0.62,5,7.0,1,0,3,77
1050,Healthcare,Electronic Health Records,8,6,8,8,6,7,1,1,1,1800000,1300000,6,16,280000000,3,0.55,5,8.2,1,0,4,68
1051,FinTech,InsurTech,7,5,6,6,4,6,1,0,0,450000,250000,7,12,110000000,2,0.60,5,9.0,1,0,4,71
1052,Smart Cities,Public Safety,5,8,4,3,9,3,0,0,1,1800000,1100000,3,26,35000000,2,0.30,8,6.0,0,1,7,29
1053,Energy,Smart Metering,9,3,9,9,4,9,1,1,1,550000,350000,9,10,160000000,2,0.80,5,7.5,1,0,1,92
1054,Education,Credentialing,7,4,7,6,3,6,1,1,0,180000,90000,7,8,22000000,2,0.65,5,5.5,1,0,3,79
1055,Cybersecurity,Encryption,8,6,7,7,4,7,1,1,0,550000,280000,6,15,90000000,2,0.60,6,11.5,1,0,3,74
1056,Agriculture,Automated Harvesting,5,8,3,3,7,2,0,0,1,2800000,1600000,3,28,75000000,1,0.22,8,15.5,0,0,8,27
1057,Healthcare,AI Diagnostics,9,7,6,7,6,5,1,1,1,2200000,1100000,6,22,115000000,2,0.50,8,16.5,1,1,5,55
1058,FinTech,Fraud Detection,8,4,8,8,3,8,1,1,0,160000,80000,8,7,60000000,3,0.78,5,10.0,1,0,2,89
1059,Smart Cities,Traffic Management,6,6,6,5,7,5,0,0,0,800000,420000,6,18,12000000,2,0.55,5,6.2,1,0,5,59
1060,Energy,Biofuels,4,9,3,2,8,2,0,0,1,4500000,7000000,2,44,700000000,1,0.15,8,18.0,1,0,8,25
1061,Education,AI Tutoring,9,4,8,8,3,8,1,1,1,220000,110000,8,10,38000000,2,0.72,5,5.0,1,0,2,85
1062,Cybersecurity,Identity Management,8,5,8,8,4,8,1,1,0,320000,160000,8,11,22000000,2,0.75,5,10.0,1,0,3,83
1063,Agriculture,Drone Monitoring,9,4,8,7,3,8,1,1,1,250000,120000,9,8,42000000,2,0.70,7,9.0,1,0,2,90
1064,Healthcare,Telemedicine,10,1,10,10,1,9,1,1,1,90000,40000,10,3,58000000,3,0.95,3,3.2,1,0,0,99
1065,FinTech,Blockchain Payments,6,8,5,4,6,4,0,0,1,850000,550000,5,19,140000000,3,0.35,8,14.5,0,1,7,37
1066,Smart Cities,Waste Management,7,5,6,6,6,6,1,0,0,380000,220000,6,13,22000000,1,0.55,4,5.5,1,0,4,68
1067,Energy,Solar Storage,9,6,8,8,5,8,1,1,1,3000000,1800000,8,16,480000000,2,0.70,7,9.8,1,0,3,82
1068,Education,VR Classrooms,7,7,5,4,7,5,1,0,0,1300000,950000,5,26,55000000,2,0.38,8,8.5,1,0,6,48
1069,Cybersecurity,Threat Intelligence,9,4,8,9,3,9,1,1,1,280000,140000,9,8,75000000,2,0.75,6,10.8,1,0,2,89
1070,Agriculture,Precision Farming,8,5,7,7,5,7,1,1,0,480000,280000,7,11,100000000,2,0.65,5,8.0,1,0,3,78
1071,Healthcare,Wearables,9,3,9,9,2,8,1,1,1,580000,260000,9,9,210000000,3,0.85,5,7.2,1,0,1,93
1072,FinTech,Robo-Advising,8,5,8,8,3,7,1,1,0,250000,130000,8,10,88000000,3,0.75,4,9.2,1,0,3,82
1073,Smart Cities,Smart Grids,6,8,5,4,9,4,0,0,1,7800000,4800000,4,38,580000000,1,0.38,8,15.0,1,0,7,43
1074,Energy,Wind Turbines,8,6,9,8,8,8,1,1,1,11000000,13000000,7,38,780000000,2,0.60,6,12.0,1,0,4,65
1075,Education,LMS,9,2,9,9,2,9,1,1,1,85000,35000,9,4,38000000,3,0.85,3,2.8,1,0,1,93
1076,Cybersecurity,Network Defense,8,5,8,8,4,7,1,1,0,480000,220000,8,9,140000000,3,0.72,5,7.0,1,0,3,81
1077,Agriculture,Supply Chain,7,4,7,6,4,6,1,0,0,320000,160000,7,11,65000000,2,0.60,5,6.8,1,0,3,75
1078,Healthcare,Electronic Health Records,9,5,9,9,6,8,1,1,1,1900000,1400000,7,17,290000000,3,0.60,5,8.8,1,1,4,67
1079,FinTech,InsurTech,8,4,7,8,3,7,1,1,0,420000,230000,8,11,120000000,2,0.68,6,9.8,1,0,3,82
1080,Smart Cities,Public Safety,5,8,4,3,8,3,0,0,1,1600000,1000000,3,24,38000000,2,0.35,7,5.5,0,1,7,32
1081,Energy,Smart Metering,9,4,9,8,5,8,1,1,1,620000,420000,9,11,170000000,2,0.78,5,8.2,1,0,2,85
1082,Education,Credentialing,8,3,8,7,3,7,1,1,0,160000,80000,8,7,24000000,2,0.70,6,5.8,1,0,3,84
1083,Cybersecurity,Encryption,9,5,8,8,3,8,1,1,1,520000,260000,8,13,92000000,2,0.65,6,11.8,1,0,3,78
1084,Agriculture,Automated Harvesting,5,9,4,3,8,3,0,0,1,3200000,1900000,3,32,78000000,1,0.20,9,15.8,0,0,7,30
1085,Healthcare,AI Diagnostics,8,6,6,5,6,5,1,0,0,2000000,1000000,6,21,112000000,2,0.48,7,15.0,1,1,5,52
1086,FinTech,Fraud Detection,9,3,9,9,2,9,1,1,1,170000,85000,9,6,62000000,3,0.82,6,11.0,1,0,1,93
1087,Smart Cities,Traffic Management,7,5,7,7,6,7,1,1,0,780000,390000,7,15,14000000,2,0.62,5,6.5,1,0,3,73
1088,Energy,Biofuels,5,8,4,3,7,3,0,0,1,4300000,6200000,3,42,720000000,1,0.25,8,19.0,1,0,7,34
1089,Education,AI Tutoring,8,5,7,7,4,7,1,0,0,240000,115000,7,10,39000000,2,0.68,6,5.2,1,0,3,79
1090,Cybersecurity,Identity Management,9,4,9,9,3,9,1,1,1,340000,170000,9,9,24000000,2,0.82,6,10.2,1,0,2,92
1091,Agriculture,Drone Monitoring,8,5,7,6,4,7,0,1,0,290000,145000,7,12,40000000,2,0.60,6,9.5,1,0,3,76
1092,Healthcare,Telemedicine,9,2,9,9,2,9,1,1,1,140000,70000,9,6,56000000,3,0.88,4,4.5,1,0,1,94
1093,FinTech,Blockchain Payments,6,7,6,5,6,5,1,0,1,880000,580000,5,19,135000000,2,0.40,7,13.5,0,1,6,42
1094,Smart Cities,Waste Management,8,4,7,6,5,7,1,1,0,360000,210000,7,13,21000000,1,0.58,4,5.8,1,0,3,77
1095,Energy,Solar Storage,9,5,9,8,4,8,1,1,1,2900000,1600000,8,16,460000000,2,0.72,6,9.6,1,0,2,85
1096,Education,VR Classrooms,6,8,4,4,7,4,0,0,1,1400000,1000000,4,27,52000000,2,0.32,8,9.0,0,0,7,35
1097,Cybersecurity,Threat Intelligence,8,5,7,8,4,7,1,1,0,300000,150000,7,11,72000000,2,0.68,5,10.2,1,0,3,80
1098,Agriculture,Precision Farming,9,4,8,8,4,8,1,1,1,460000,260000,8,11,98000000,2,0.72,5,8.5,1,0,2,88
1099,Healthcare,Wearables,8,4,8,8,3,7,1,1,0,570000,270000,8,11,190000000,3,0.75,5,7.5,1,0,3,82
1100,FinTech,Robo-Advising,9,4,9,9,2,8,1,1,1,230000,115000,9,8,87000000,3,0.80,5,9.2,1,0,2,91
1101,Smart Cities,Smart Grids,6,9,5,4,8,4,0,0,1,7600000,4600000,4,39,560000000,1,0.36,7,15.2,1,0,7,41
1102,Energy,Wind Turbines,8,6,8,7,8,7,1,1,1,10500000,12500000,7,37,760000000,2,0.64,6,11.5,1,0,4,67
1103,Education,LMS,10,2,9,10,1,9,1,1,1,70000,25000,10,3,36000000,3,0.90,3,2.8,1,0,1,96
1104,Cybersecurity,Network Defense,8,5,8,8,4,7,1,1,0,500000,250000,8,10,145000000,3,0.68,5,6.8,1,0,3,83
1105,Agriculture,Supply Chain,8,4,7,6,3,6,1,0,0,310000,155000,7,10,62000000,2,0.64,5,7.2,1,0,3,78
1106,Healthcare,Electronic Health Records,8,6,8,8,6,7,1,1,1,1850000,1350000,6,17,285000000,3,0.58,5,8.5,1,0,4,69
1107,FinTech,InsurTech,7,5,7,7,4,6,1,0,0,440000,240000,7,12,115000000,2,0.62,5,9.5,1,0,3,73
1108,Smart Cities,Public Safety,5,8,4,3,8,3,0,0,1,1700000,1050000,3,25,36000000,2,0.32,7,5.8,0,1,7,30
1109,Energy,Smart Metering,9,3,9,9,4,9,1,1,1,580000,380000,9,10,165000000,2,0.82,5,7.8,1,0,1,93
1110,Education,Credentialing,7,4,7,7,3,6,1,1,0,170000,85000,7,8,23000000,2,0.68,5,5.6,1,0,3,81
1111,Cybersecurity,Encryption,8,6,7,7,4,7,1,1,0,540000,270000,7,15,91000000,2,0.62,6,11.6,1,0,3,76
1112,Agriculture,Automated Harvesting,5,9,3,3,7,2,0,0,1,2900000,1700000,3,29,76000000,1,0.21,8,15.6,0,0,8,28
1113,Healthcare,AI Diagnostics,9,7,6,7,6,5,1,1,1,2100000,1050000,6,21,113000000,2,0.52,8,16.0,1,1,5,56
1114,FinTech,Fraud Detection,8,4,8,8,3,8,1,1,0,165000,82000,8,7,62000000,3,0.80,5,10.5,1,0,2,90
1115,Smart Cities,Traffic Management,7,6,6,6,7,5,0,0,0,820000,430000,6,17,13000000,2,0.58,5,6.4,1,0,4,61
1116,Energy,Biofuels,4,9,3,2,8,2,0,0,1,4400000,6800000,2,43,710000000,1,0.18,8,18.5,1,0,8,26
1117,Education,AI Tutoring,9,4,9,8,3,8,1,1,1,230000,112000,8,9,37000000,2,0.74,5,5.1,1,0,2,87
1118,Cybersecurity,Identity Management,8,5,9,8,4,8,1,1,0,330000,165000,8,11,23000000,2,0.78,5,10.1,1,0,3,84
1119,Agriculture,Drone Monitoring,9,4,8,7,3,8,1,1,1,260000,125000,9,8,43000000,2,0.72,7,9.1,1,0,2,91
1120,Healthcare,Telemedicine,10,2,9,10,1,9,1,1,1,95000,42000,10,4,59000000,3,0.92,3,3.3,1,0,1,97
1121,FinTech,Blockchain Payments,6,8,5,5,6,4,0,0,1,860000,560000,5,19,145000000,3,0.38,8,14.8,0,1,7,38
1122,Smart Cities,Waste Management,7,5,6,6,6,6,1,0,0,390000,230000,6,14,23000000,1,0.56,4,5.6,1,0,4,69
1123,Energy,Solar Storage,9,6,8,8,5,8,1,1,1,3100000,1900000,8,17,490000000,2,0.72,7,10.0,1,0,3,83
1124,Education,VR Classrooms,7,7,5,4,7,5,1,0,0,1350000,980000,5,25,56000000,2,0.40,8,8.8,1,0,6,50
1125,Cybersecurity,Threat Intelligence,9,4,9,9,3,9,1,1,1,290000,145000,9,8,78000000,2,0.78,6,11.0,1,0,2,91
1126,Agriculture,Precision Farming,8,5,8,7,5,7,1,1,0,490000,290000,7,11,105000000,2,0.68,5,8.2,1,0,3,80
1127,Healthcare,Wearables,9,3,9,9,2,8,1,1,1,590000,265000,9,9,215000000,3,0.88,5,7.4,1,0,1,94
1128,FinTech,Robo-Advising,8,5,8,8,3,7,1,1,0,260000,135000,8,10,89000000,3,0.76,4,9.4,1,0,3,83
1129,Smart Cities,Smart Grids,6,8,5,4,9,4,0,0,1,7900000,4900000,4,38,590000000,1,0.40,8,15.2,1,0,7,44
1130,Energy,Wind Turbines,8,6,9,8,8,8,1,1,1,11500000,13500000,7,39,790000000,2,0.62,6,12.2,1,0,4,66
1131,Education,LMS,9,2,9,9,2,9,1,1,1,88000,36000,9,4,39000000,3,0.86,3,2.9,1,0,1,94
1132,Cybersecurity,Network Defense,8,5,8,8,4,7,1,1,0,490000,230000,8,9,142000000,3,0.74,5,7.1,1,0,3,82
1133,Agriculture,Supply Chain,7,4,7,6,4,6,1,0,0,330000,165000,7,11,66000000,2,0.62,5,6.9,1,0,3,76
1134,Healthcare,Electronic Health Records,9,5,9,9,6,8,1,1,1,1950000,1450000,7,17,295000000,3,0.62,5,8.9,1,1,4,69
1135,FinTech,InsurTech,8,4,7,8,3,7,1,1,0,430000,235000,8,11,125000000,2,0.70,6,10.0,1,0,3,83
1136,Smart Cities,Public Safety,5,8,4,3,8,3,0,0,1,1650000,1020000,3,24,39000000,2,0.36,7,5.6,0,1,7,33
1137,Energy,Smart Metering,9,4,9,8,5,8,1,1,1,630000,430000,9,11,175000000,2,0.80,5,8.4,1,0,2,86
1138,Education,Credentialing,8,3,8,7,3,7,1,1,0,165000,82000,8,7,24500000,2,0.72,6,5.9,1,0,3,85
1139,Cybersecurity,Encryption,9,5,8,8,3,8,1,1,1,530000,265000,8,13,93000000,2,0.66,6,12.0,1,0,3,79
1140,Agriculture,Automated Harvesting,5,9,4,3,8,3,0,0,1,3300000,1950000,3,31,79000000,1,0.22,9,15.9,0,0,7,31
1141,Healthcare,AI Diagnostics,8,6,6,5,6,5,1,0,0,2050000,1050000,6,21,114000000,2,0.50,7,15.2,1,1,5,53
1142,FinTech,Fraud Detection,9,3,9,9,2,9,1,1,1,175000,88000,9,6,63000000,3,0.84,6,11.2,1,0,1,94
1143,Smart Cities,Traffic Management,7,5,7,7,6,7,1,1,0,790000,395000,7,15,14500000,2,0.64,5,6.6,1,0,3,74
1144,Energy,Biofuels,5,8,4,3,7,3,0,0,1,4350000,6300000,3,41,730000000,1,0.26,8,19.2,1,0,7,35
1145,Education,AI Tutoring,8,5,7,7,4,7,1,0,0,245000,118000,7,10,39500000,2,0.70,6,5.3,1,0,3,80
1146,Cybersecurity,Identity Management,9,4,9,9,3,9,1,1,1,345000,175000,9,9,24500000,2,0.84,6,10.3,1,0,2,93
1147,Agriculture,Drone Monitoring,8,5,7,6,4,7,0,1,0,295000,148000,7,12,41000000,2,0.62,6,9.6,1,0,3,77
1148,Healthcare,Telemedicine,9,2,9,9,2,9,1,1,1,145000,72000,9,6,57000000,3,0.90,4,4.6,1,0,1,95
1149,FinTech,Blockchain Payments,6,7,6,5,6,5,1,0,1,890000,590000,5,19,138000000,2,0.42,7,13.8,0,1,6,43
1150,Smart Cities,Waste Management,8,4,7,6,5,7,1,1,0,365000,215000,7,13,21500000,1,0.60,4,5.9,1,0,3,78
1151,Energy,Solar Storage,9,5,9,8,4,8,1,1,1,2950000,1650000,8,16,470000000,2,0.74,6,9.7,1,0,2,86
1152,Education,VR Classrooms,6,8,4,4,7,4,0,0,1,1450000,1050000,4,27,53000000,2,0.34,8,9.2,0,0,7,36
1153,Cybersecurity,Threat Intelligence,8,5,7,8,4,7,1,1,0,305000,155000,7,11,73000000,2,0.70,5,10.4,1,0,3,81
1154,Agriculture,Precision Farming,9,4,8,8,4,8,1,1,1,465000,265000,8,11,99000000,2,0.74,5,8.6,1,0,2,89
1155,Healthcare,Wearables,8,4,8,8,3,7,1,1,0,575000,275000,8,11,195000000,3,0.78,5,7.6,1,0,3,83
1156,FinTech,Robo-Advising,9,4,9,9,2,8,1,1,1,235000,118000,9,8,88000000,3,0.82,5,9.3,1,0,2,92
1157,Smart Cities,Smart Grids,6,9,5,4,8,4,0,0,1,7700000,4700000,4,39,570000000,1,0.37,7,15.3,1,0,7,42
1158,Energy,Wind Turbines,8,6,8,7,8,7,1,1,1,10800000,12800000,7,37,770000000,2,0.65,6,11.6,1,0,4,68
1159,Education,LMS,10,2,9,10,1,9,1,1,1,72000,26000,10,3,37000000,3,0.92,3,2.9,1,0,1,97
1160,Cybersecurity,Network Defense,8,5,8,8,4,7,1,1,0,510000,255000,8,10,148000000,3,0.70,5,6.9,1,0,3,84
1161,Agriculture,Supply Chain,8,4,7,6,3,6,1,0,0,315000,158000,7,10,63000000,2,0.66,5,7.3,1,0,3,79
1162,Healthcare,Electronic Health Records,8,6,8,8,6,7,1,1,1,1880000,1380000,6,17,288000000,3,0.60,5,8.6,1,0,4,70
1163,FinTech,InsurTech,7,5,7,7,4,6,1,0,0,445000,245000,7,12,118000000,2,0.64,5,9.6,1,0,3,74
1164,Smart Cities,Public Safety,5,8,4,3,8,3,0,0,1,1750000,1080000,3,25,37000000,2,0.34,7,5.9,0,1,7,31
1165,Energy,Smart Metering,9,3,9,9,4,9,1,1,1,590000,390000,9,10,168000000,2,0.84,5,7.9,1,0,1,94
1166,Education,Credentialing,7,4,7,7,3,6,1,1,0,175000,88000,7,8,23500000,2,0.70,5,5.7,1,0,3,82
1167,Cybersecurity,Encryption,8,6,7,7,4,7,1,1,0,545000,275000,7,15,91500000,2,0.64,6,11.7,1,0,3,77
1168,Agriculture,Automated Harvesting,5,9,3,3,7,2,0,0,1,2950000,1750000,3,29,76500000,1,0.22,8,15.7,0,0,8,29
1169,Healthcare,AI Diagnostics,9,7,6,7,6,5,1,1,1,2150000,1080000,6,21,113500000,2,0.54,8,16.2,1,1,5,57
1170,FinTech,Fraud Detection,8,4,8,8,3,8,1,1,0,168000,83000,8,7,62500000,3,0.82,5,10.7,1,0,2,91
1171,Smart Cities,Traffic Management,7,6,6,6,7,5,0,0,0,830000,435000,6,17,13500000,2,0.60,5,6.5,1,0,4,62
1172,Energy,Biofuels,4,9,3,2,8,2,0,0,1,4450000,6900000,2,43,715000000,1,0.20,8,18.7,1,0,8,27
1173,Education,AI Tutoring,9,4,9,8,3,8,1,1,1,235000,114000,8,9,37500000,2,0.76,5,5.2,1,0,2,88
1174,Cybersecurity,Identity Management,8,5,9,8,4,8,1,1,0,335000,168000,8,11,23500000,2,0.80,5,10.2,1,0,3,85
1175,Agriculture,Drone Monitoring,9,4,8,7,3,8,1,1,1,265000,128000,9,8,43500000,2,0.74,7,9.2,1,0,2,92
1176,Healthcare,Telemedicine,10,2,9,10,1,9,1,1,1,98000,43000,10,4,59500000,3,0.94,3,3.4,1,0,1,98
1177,FinTech,Blockchain Payments,6,8,5,5,6,4,0,0,1,870000,570000,5,19,148000000,3,0.40,8,14.9,0,1,7,39
1178,Smart Cities,Waste Management,7,5,6,6,6,6,1,0,0,395000,235000,6,14,23500000,1,0.58,4,5.7,1,0,4,70
1179,Energy,Solar Storage,9,6,8,8,5,8,1,1,1,3150000,1950000,8,17,495000000,2,0.74,7,10.2,1,0,3,84
1180,Education,VR Classrooms,7,7,5,4,7,5,1,0,0,1380000,990000,5,25,56500000,2,0.42,8,8.9,1,0,6,51
1181,Cybersecurity,Threat Intelligence,9,4,9,9,3,9,1,1,1,295000,148000,9,8,78500000,2,0.80,6,11.2,1,0,2,92
1182,Agriculture,Precision Farming,8,5,8,7,5,7,1,1,0,495000,295000,7,11,108000000,2,0.70,5,8.3,1,0,3,81
1183,Healthcare,Wearables,9,3,9,9,2,8,1,1,1,595000,268000,9,9,218000000,3,0.90,5,7.5,1,0,1,95
1184,FinTech,Robo-Advising,8,5,8,8,3,7,1,1,0,265000,138000,8,10,89500000,3,0.78,4,9.5,1,0,3,84
1185,Smart Cities,Smart Grids,6,8,5,4,9,4,0,0,1,7950000,4950000,4,38,595000000,1,0.42,8,15.3,1,0,7,45
1186,Energy,Wind Turbines,8,6,9,8,8,8,1,1,1,11800000,13800000,7,39,795000000,2,0.64,6,12.3,1,0,4,67
1187,Education,LMS,9,2,9,9,2,9,1,1,1,89000,37000,9,4,39500000,3,0.88,3,3.0,1,0,1,95
1188,Cybersecurity,Network Defense,8,5,8,8,4,7,1,1,0,495000,235000,8,9,143000000,3,0.76,5,7.2,1,0,3,83
1189,Agriculture,Supply Chain,7,4,7,6,4,6,1,0,0,335000,168000,7,11,66500000,2,0.64,5,7.0,1,0,3,77
1190,Healthcare,Electronic Health Records,9,5,9,9,6,8,1,1,1,1980000,1480000,7,17,298000000,3,0.64,5,9.0,1,1,4,70
1191,FinTech,InsurTech,8,4,7,8,3,7,1,1,0,435000,238000,8,11,128000000,2,0.72,6,10.2,1,0,3,84
1192,Smart Cities,Public Safety,5,8,4,3,8,3,0,0,1,1680000,1030000,3,24,39500000,2,0.38,7,5.7,0,1,7,34
1193,Energy,Smart Metering,9,4,9,8,5,8,1,1,1,635000,435000,9,11,178000000,2,0.82,5,8.5,1,0,2,87
1194,Education,Credentialing,8,3,8,7,3,7,1,1,0,168000,84000,8,7,24800000,2,0.74,6,6.0,1,0,3,86
1195,Cybersecurity,Encryption,9,5,8,8,3,8,1,1,1,535000,268000,8,13,93500000,2,0.68,6,12.2,1,0,3,80
1196,Agriculture,Automated Harvesting,5,9,4,3,8,3,0,0,1,3350000,1980000,3,31,79500000,1,0.24,9,16.0,0,0,7,32
1197,Healthcare,AI Diagnostics,8,6,6,5,6,5,1,0,0,2080000,1080000,6,21,114500000,2,0.52,7,15.3,1,1,5,54
1198,FinTech,Fraud Detection,9,3,9,9,2,9,1,1,1,178000,89000,9,6,63500000,3,0.86,6,11.3,1,0,1,95
1199,Smart Cities,Traffic Management,7,5,7,7,6,7,1,1,0,795000,398000,7,15,14800000,2,0.66,5,6.7,1,0,3,75
1200,Energy,Biofuels,5,8,4,3,7,3,0,0,1,4380000,6350000,3,41,735000000,1,0.28,8,19.3,1,0,7,36
1201,Education,AI Tutoring,8,5,7,7,4,7,1,0,0,248000,119000,7,10,39800000,2,0.72,6,5.4,1,0,3,81
1202,Cybersecurity,Identity Management,9,4,9,9,3,9,1,1,1,348000,178000,9,9,24800000,2,0.86,6,10.4,1,0,2,94
1203,Agriculture,Drone Monitoring,8,5,7,6,4,7,0,1,0,298000,149000,7,12,41500000,2,0.64,6,9.7,1,0,3,78
1204,Healthcare,Telemedicine,9,2,9,9,2,9,1,1,1,148000,73000,9,6,57500000,3,0.92,4,4.7,1,0,1,96
1205,FinTech,Blockchain Payments,6,7,6,5,6,5,1,0,1,895000,595000,5,19,139000000,2,0.44,7,13.9,0,1,6,44
1206,Smart Cities,Waste Management,8,4,7,6,5,7,1,1,0,368000,218000,7,13,21800000,1,0.62,4,6.0,1,0,3,79
1207,Energy,Solar Storage,9,5,9,8,4,8,1,1,1,2980000,1680000,8,16,475000000,2,0.76,6,9.8,1,0,2,87
1208,Education,VR Classrooms,6,8,4,4,7,4,0,0,1,1480000,1080000,4,27,53500000,2,0.36,8,9.3,0,0,7,37
1209,Cybersecurity,Threat Intelligence,8,5,7,8,4,7,1,1,0,308000,158000,7,11,73500000,2,0.72,5,10.5,1,0,3,82
1210,Agriculture,Precision Farming,9,4,8,8,4,8,1,1,1,468000,268000,8,11,99500000,2,0.76,5,8.7,1,0,2,90
1211,Healthcare,Wearables,8,4,8,8,3,7,1,1,0,578000,278000,8,11,198000000,3,0.80,5,7.7,1,0,3,84
1212,FinTech,Robo-Advising,9,4,9,9,2,8,1,1,1,238000,119000,9,8,88500000,3,0.84,5,9.4,1,0,2,93
1213,Smart Cities,Smart Grids,6,9,5,4,8,4,0,0,1,7750000,4750000,4,39,575000000,1,0.38,7,15.4,1,0,7,43
1214,Energy,Wind Turbines,8,6,8,7,8,7,1,1,1,10900000,12900000,7,37,775000000,2,0.66,6,11.7,1,0,4,69
1215,Education,LMS,10,2,9,10,1,9,1,1,1,74000,27000,10,3,37500000,3,0.94,3,3.0,1,0,1,98
1216,Cybersecurity,Network Defense,8,5,8,8,4,7,1,1,0,515000,258000,8,10,149000000,3,0.72,5,7.0,1,0,3,85
1217,Agriculture,Supply Chain,8,4,7,6,3,6,1,0,0,318000,159000,7,10,63500000,2,0.68,5,7.4,1,0,3,80
1218,Healthcare,Electronic Health Records,8,6,8,8,6,7,1,1,1,1890000,1390000,6,17,289000000,3,0.62,5,8.7,1,0,4,71
1219,FinTech,InsurTech,7,5,7,7,4,6,1,0,0,448000,248000,7,12,119000000,2,0.66,5,9.7,1,0,3,75
1220,Smart Cities,Public Safety,5,8,4,3,8,3,0,0,1,1780000,1090000,3,25,37500000,2,0.36,7,6.0,0,1,7,32
1221,Energy,Smart Metering,9,3,9,9,4,9,1,1,1,595000,395000,9,10,169000000,2,0.86,5,8.0,1,0,1,95
1222,Education,Credentialing,7,4,7,7,3,6,1,1,0,178000,89000,7,8,23800000,2,0.72,5,5.8,1,0,3,83
1223,Cybersecurity,Encryption,8,6,7,7,4,7,1,1,0,548000,278000,7,15,91800000,2,0.66,6,11.8,1,0,3,78
1224,Agriculture,Automated Harvesting,5,9,3,3,7,2,0,0,1,2980000,1780000,3,29,76800000,1,0.24,8,15.8,0,0,8,30
1225,Healthcare,AI Diagnostics,9,7,6,7,6,5,1,1,1,2180000,1090000,6,21,114000000,2,0.56,8,16.3,1,1,5,58
1226,FinTech,Fraud Detection,8,4,8,8,3,8,1,1,0,169000,84000,8,7,62800000,3,0.84,5,10.8,1,0,2,92
1227,Smart Cities,Traffic Management,7,6,6,6,7,5,0,0,0,835000,438000,6,17,13800000,2,0.62,5,6.6,1,0,4,63
1228,Energy,Biofuels,4,9,3,2,8,2,0,0,1,4480000,6950000,2,43,718000000,1,0.22,8,18.8,1,0,8,28
1229,Education,AI Tutoring,9,4,9,8,3,8,1,1,1,238000,115000,8,9,37800000,2,0.78,5,5.3,1,0,2,89
1230,Cybersecurity,Identity Management,8,5,9,8,4,8,1,1,0,338000,169000,8,11,23800000,2,0.82,5,10.3,1,0,3,86
1231,Agriculture,Drone Monitoring,9,4,8,7,3,8,1,1,1,268000,129000,9,8,43800000,2,0.76,7,9.3,1,0,2,93
1232,Healthcare,Telemedicine,10,2,9,10,1,9,1,1,1,99000,44000,10,4,59800000,3,0.96,3,3.5,1,0,1,99
1233,FinTech,Blockchain Payments,6,8,5,5,6,4,0,0,1,875000,575000,5,19,149000000,3,0.42,8,15.0,0,1,7,40
1234,Smart Cities,Waste Management,7,5,6,6,6,6,1,0,0,398000,238000,6,14,23800000,1,0.60,4,5.8,1,0,4,71
1235,Energy,Solar Storage,9,6,8,8,5,8,1,1,1,3180000,1980000,8,17,498000000,2,0.76,7,10.3,1,0,3,85
1236,Education,VR Classrooms,7,7,5,4,7,5,1,0,0,1390000,995000,5,25,56800000,2,0.44,8,9.0,1,0,6,52
1237,Cybersecurity,Threat Intelligence,9,4,9,9,3,9,1,1,1,298000,149000,9,8,78800000,2,0.82,6,11.3,1,0,2,93
1238,Agriculture,Precision Farming,8,5,8,7,5,7,1,1,0,498000,298000,7,11,109000000,2,0.72,5,8.4,1,0,3,82
1239,Healthcare,Wearables,9,3,9,9,2,8,1,1,1,598000,269000,9,9,219000000,3,0.92,5,7.6,1,0,1,96
1240,FinTech,Robo-Advising,8,5,8,8,3,7,1,1,0,268000,139000,8,10,89800000,3,0.80,4,9.6,1,0,3,85
1241,Smart Cities,Smart Grids,6,8,5,4,9,4,0,0,1,7980000,4980000,4,38,598000000,1,0.44,8,15.4,1,0,7,46
1242,Energy,Wind Turbines,8,6,9,8,8,8,1,1,1,11900000,13900000,7,39,798000000,2,0.66,6,12.4,1,0,4,68
1243,Education,LMS,9,2,9,9,2,9,1,1,1,89500,37500,9,4,39800000,3,0.90,3,3.1,1,0,1,96
1244,Cybersecurity,Network Defense,8,5,8,8,4,7,1,1,0,498000,238000,8,9,144000000,3,0.78,5,7.3,1,0,3,84
1245,Agriculture,Supply Chain,7,4,7,6,4,6,1,0,0,338000,169000,7,11,66800000,2,0.66,5,7.1,1,0,3,78
1246,Healthcare,Electronic Health Records,9,5,9,9,6,8,1,1,1,1990000,1490000,7,17,299000000,3,0.66,5,9.1,1,1,4,71
1247,FinTech,InsurTech,8,4,7,8,3,7,1,1,0,438000,239000,8,11,129000000,2,0.74,6,10.3,1,0,3,85
1248,Smart Cities,Public Safety,5,8,4,3,8,3,0,0,1,1690000,1040000,3,24,39800000,2,0.40,7,5.8,0,1,7,35
1249,Energy,Smart Metering,9,4,9,8,5,8,1,1,1,638000,438000,9,11,179000000,2,0.84,5,8.6,1,0,2,88
1250,Education,Credentialing,8,3,8,7,3,7,1,1,0,169000,84500,8,7,24900000,2,0.76,6,6.1,1,0,3,87
1251,Cybersecurity,Encryption,9,5,8,8,3,8,1,1,1,538000,269000,8,13,93800000,2,0.70,6,12.3,1,0,3,81
1252,Agriculture,Automated Harvesting,5,9,4,3,8,3,0,0,1,3380000,1990000,3,31,79800000,1,0.26,9,16.1,0,0,7,33
1253,Healthcare,AI Diagnostics,8,6,6,5,6,5,1,0,0,2090000,1090000,6,21,114800000,2,0.54,7,15.4,1,1,5,55
1254,FinTech,Fraud Detection,9,3,9,9,2,9,1,1,1,179000,89500,9,6,63800000,3,0.88,6,11.4,1,0,1,96
1255,Smart Cities,Traffic Management,7,5,7,7,6,7,1,1,0,798000,399000,7,15,14900000,2,0.68,5,6.8,1,0,3,76
1256,Energy,Biofuels,5,8,4,3,7,3,0,0,1,4390000,6380000,3,41,738000000,1,0.30,8,19.4,1,0,7,37
1257,Education,AI Tutoring,8,5,7,7,4,7,1,0,0,249000,119500,7,10,39900000,2,0.74,6,5.5,1,0,3,82
1258,Cybersecurity,Identity Management,9,4,9,9,3,9,1,1,1,349000,179000,9,9,24900000,2,0.88,6,10.5,1,0,2,95
1259,Agriculture,Drone Monitoring,8,5,7,6,4,7,0,1,0,299000,149500,7,12,41800000,2,0.66,6,9.8,1,0,3,79
1260,Healthcare,Telemedicine,9,2,9,9,2,9,1,1,1,149000,73500,9,6,57800000,3,0.94,4,4.8,1,0,1,97
1261,FinTech,Blockchain Payments,6,7,6,5,6,5,1,0,1,898000,598000,5,19,139500000,2,0.46,7,14.0,0,1,6,45
1262,Smart Cities,Waste Management,8,4,7,6,5,7,1,1,0,369000,219000,7,13,21900000,1,0.64,4,6.1,1,0,3,80
1263,Energy,Solar Storage,9,5,9,8,4,8,1,1,1,2990000,1690000,8,16,478000000,2,0.78,6,9.9,1,0,2,88
1264,Education,VR Classrooms,6,8,4,4,7,4,0,0,1,1490000,1090000,4,27,53800000,2,0.38,8,9.4,0,0,7,38
1265,Cybersecurity,Threat Intelligence,8,5,7,8,4,7,1,1,0,309000,159000,7,11,73800000,2,0.74,5,10.6,1,0,3,83
1266,Agriculture,Precision Farming,9,4,8,8,4,8,1,1,1,469000,269000,8,11,99800000,2,0.78,5,8.8,1,0,2,91
1267,Healthcare,Wearables,8,4,8,8,3,7,1,1,0,579000,279000,8,11,199000000,3,0.82,5,7.8,1,0,3,85
1268,FinTech,Robo-Advising,9,4,9,9,2,8,1,1,1,239000,119500,9,8,88800000,3,0.86,5,9.5,1,0,2,94
1269,Smart Cities,Smart Grids,6,9,5,4,8,4,0,0,1,7780000,4780000,4,39,578000000,1,0.39,7,15.5,1,0,7,44
1270,Energy,Wind Turbines,8,6,8,7,8,7,1,1,1,10950000,12950000,7,37,778000000,2,0.67,6,11.8,1,0,4,70
1271,Education,LMS,10,2,9,10,1,9,1,1,1,75000,27500,10,3,37800000,3,0.96,3,3.1,1,0,1,99
1272,Cybersecurity,Network Defense,8,5,8,8,4,7,1,1,0,518000,259000,8,10,149500000,3,0.74,5,7.1,1,0,3,86
1273,Agriculture,Supply Chain,8,4,7,6,3,6,1,0,0,319000,159500,7,10,63800000,2,0.70,5,7.5,1,0,3,81
1274,Healthcare,Electronic Health Records,8,6,8,8,6,7,1,1,1,1895000,1395000,6,17,289500000,3,0.64,5,8.8,1,0,4,72
1275,FinTech,InsurTech,7,5,7,7,4,6,1,0,0,449000,249000,7,12,119500000,2,0.68,5,9.8,1,0,3,76
1276,Smart Cities,Public Safety,5,8,4,3,8,3,0,0,1,1790000,1095000,3,25,37800000,2,0.37,7,6.1,0,1,7,33
1277,Energy,Smart Metering,9,3,9,9,4,9,1,1,1,598000,398000,9,10,169500000,2,0.88,5,8.1,1,0,1,96
1278,Education,Credentialing,7,4,7,7,3,6,1,1,0,179000,89500,7,8,23900000,2,0.74,5,5.9,1,0,3,84
1279,Cybersecurity,Encryption,8,6,7,7,4,7,1,1,0,549000,279000,7,15,91900000,2,0.68,6,11.9,1,0,3,79
1280,Agriculture,Automated Harvesting,5,9,3,3,7,2,0,0,1,2990000,1790000,3,29,76900000,1,0.25,8,15.9,0,0,8,31
1281,Healthcare,AI Diagnostics,9,7,6,7,6,5,1,1,1,2190000,1095000,6,21,114500000,2,0.58,8,16.4,1,1,5,59
1282,FinTech,Fraud Detection,8,4,8,8,3,8,1,1,0,169500,84500,8,7,62900000,3,0.86,5,10.9,1,0,2,93
1283,Smart Cities,Traffic Management,7,6,6,6,7,5,0,0,0,838000,439000,6,17,13900000,2,0.64,5,6.7,1,0,4,64
1284,Energy,Biofuels,4,9,3,2,8,2,0,0,1,4490000,6980000,2,43,719000000,1,0.24,8,18.9,1,0,8,29
1285,Education,AI Tutoring,9,4,9,8,3,8,1,1,1,239000,115500,8,9,37900000,2,0.80,5,5.4,1,0,2,90
1286,Cybersecurity,Identity Management,8,5,9,8,4,8,1,1,0,339000,169500,8,11,23900000,2,0.84,5,10.4,1,0,3,87
1287,Agriculture,Drone Monitoring,9,4,8,7,3,8,1,1,1,269000,129500,9,8,43900000,2,0.78,7,9.4,1,0,2,94
1288,Healthcare,Telemedicine,10,2,9,10,1,9,1,1,1,99500,44500,10,4,59900000,3,0.98,3,3.6,1,0,1,100
1289,FinTech,Blockchain Payments,6,8,5,5,6,4,0,0,1,878000,578000,5,19,149500000,3,0.44,8,15.1,0,1,7,41
1290,Smart Cities,Waste Management,7,5,6,6,6,6,1,0,0,399000,239000,6,14,23900000,1,0.62,4,5.9,1,0,4,72
1291,Energy,Solar Storage,9,6,8,8,5,8,1,1,1,3190000,1990000,8,17,499000000,2,0.78,7,10.4,1,0,3,86
1292,Education,VR Classrooms,7,7,5,4,7,5,1,0,0,1395000,998000,5,25,56900000,2,0.46,8,9.1,1,0,6,53
1293,Cybersecurity,Threat Intelligence,9,4,9,9,3,9,1,1,1,299000,149500,9,8,78900000,2,0.84,6,11.4,1,0,2,94
1294,Agriculture,Precision Farming,8,5,8,7,5,7,1,1,0,499000,299000,7,11,109500000,2,0.74,5,8.5,1,0,3,83
1295,Healthcare,Wearables,9,3,9,9,2,8,1,1,1,599000,269500,9,9,219500000,3,0.94,5,7.7,1,0,1,97
1296,FinTech,Robo-Advising,8,5,8,8,3,7,1,1,0,269000,139500,8,10,89900000,3,0.82,4,9.7,1,0,3,86
1297,Smart Cities,Smart Grids,6,8,5,4,9,4,0,0,1,7990000,4990000,4,38,599000000,1,0.46,8,15.5,1,0,7,47
1298,Energy,Wind Turbines,8,6,9,8,8,8,1,1,1,11950000,13950000,7,39,799000000,2,0.68,6,12.5,1,0,4,69
1299,Education,LMS,9,2,9,9,2,9,1,1,1,89800,37800,9,4,39900000,3,0.92,3,3.2,1,0,1,97
1300,Cybersecurity,Network Defense,8,5,8,8,4,7,1,1,0,499000,239000,8,9,144500000,3,0.80,5,7.4,1,0,3,85
1301,Agriculture,Supply Chain,7,4,7,6,4,6,1,0,0,339000,169500,7,11,66900000,2,0.68,5,7.2,1,0,3,79
1302,Healthcare,Electronic Health Records,9,5,9,9,6,8,1,1,1,1995000,1495000,7,17,299500000,3,0.68,5,9.2,1,1,4,72
1303,FinTech,InsurTech,8,4,7,8,3,7,1,1,0,439000,239500,8,11,129500000,2,0.76,6,10.4,1,0,3,86
1304,Smart Cities,Public Safety,5,8,4,3,8,3,0,0,1,1695000,1045000,3,24,39900000,2,0.42,7,5.9,0,1,7,36
1305,Energy,Smart Metering,9,4,9,8,5,8,1,1,1,639000,439000,9,11,179500000,2,0.86,5,8.7,1,0,2,89
1306,Education,Credentialing,8,3,8,7,3,7,1,1,0,169500,84800,8,7,24950000,2,0.78,6,6.2,1,0,3,88
1307,Cybersecurity,Encryption,9,5,8,8,3,8,1,1,1,539000,269500,8,13,93900000,2,0.72,6,12.4,1,0,3,82
1308,Agriculture,Automated Harvesting,5,9,4,3,8,3,0,0,1,3390000,1995000,3,31,79900000,1,0.28,9,16.2,0,0,7,34
1309,Healthcare,AI Diagnostics,8,6,6,5,6,5,1,0,0,2095000,1095000,6,21,114900000,2,0.56,7,15.5,1,1,5,56
1310,FinTech,Fraud Detection,9,3,9,9,2,9,1,1,1,179500,89800,9,6,63900000,3,0.90,6,11.5,1,0,1,97
1311,Smart Cities,Traffic Management,7,5,7,7,6,7,1,1,0,799000,399500,7,15,14950000,2,0.70,5,6.9,1,0,3,77
1312,Energy,Biofuels,5,8,4,3,7,3,0,0,1,4395000,6390000,3,41,739000000,1,0.32,8,19.5,1,0,7,38
1313,Education,AI Tutoring,8,5,7,7,4,7,1,0,0,249500,119800,7,10,39950000,2,0.76,6,5.6,1,0,3,83
1314,Cybersecurity,Identity Management,9,4,9,9,3,9,1,1,1,349500,179500,9,9,24950000,2,0.90,6,10.6,1,0,2,96
1315,Agriculture,Drone Monitoring,8,5,7,6,4,7,0,1,0,299500,149800,7,12,41900000,2,0.68,6,9.9,1,0,3,80
1316,Healthcare,Telemedicine,9,2,9,9,2,9,1,1,1,149500,73800,9,6,57900000,3,0.96,4,4.9,1,0,1,98
1317,FinTech,Blockchain Payments,6,7,6,5,6,5,1,0,1,899000,599000,5,19,139800000,2,0.48,7,14.1,0,1,6,46
1318,Smart Cities,Waste Management,8,4,7,6,5,7,1,1,0,369500,219500,7,13,21950000,1,0.66,4,6.2,1,0,3,81
1319,Energy,Solar Storage,9,5,9,8,4,8,1,1,1,2995000,1695000,8,16,479000000,2,0.80,6,10.0,1,0,2,89
1320,Education,VR Classrooms,6,8,4,4,7,4,0,0,1,1495000,1095000,4,27,53900000,2,0.40,8,9.5,0,0,7,39
1321,Cybersecurity,Threat Intelligence,8,5,7,8,4,7,1,1,0,309500,159500,7,11,73900000,2,0.76,5,10.7,1,0,3,84
1322,Agriculture,Precision Farming,9,4,8,8,4,8,1,1,1,469500,269500,8,11,99900000,2,0.80,5,8.9,1,0,2,92
1323,Healthcare,Wearables,8,4,8,8,3,7,1,1,0,579500,279500,8,11,199500000,3,0.84,5,7.9,1,0,3,86
1324,FinTech,Robo-Advising,9,4,9,9,2,8,1,1,1,239500,119800,9,8,88900000,3,0.88,5,9.6,1,0,2,95
1325,Smart Cities,Smart Grids,6,9,5,4,8,4,0,0,1,7790000,4790000,4,39,579000000,1,0.40,7,15.6,1,0,7,45
1326,Energy,Wind Turbines,8,6,8,7,8,7,1,1,1,10980000,12980000,7,37,779000000,2,0.68,6,11.9,1,0,4,71
1327,Education,LMS,10,2,9,10,1,9,1,1,1,75500,27800,10,3,37900000,3,0.98,3,3.2,1,0,1,100
1328,Cybersecurity,Network Defense,8,5,8,8,4,7,1,1,0,519000,259500,8,10,149800000,3,0.76,5,7.2,1,0,3,87
1329,Agriculture,Supply Chain,8,4,7,6,3,6,1,0,0,319500,159800,7,10,63900000,2,0.72,5,7.6,1,0,3,82
1330,Healthcare,Electronic Health Records,8,6,8,8,6,7,1,1,1,1898000,1398000,6,17,289800000,3,0.66,5,8.9,1,0,4,73
1331,FinTech,InsurTech,7,5,7,7,4,6,1,0,0,449500,249500,7,12,119800000,2,0.70,5,9.9,1,0,3,77
1332,Smart Cities,Public Safety,5,8,4,3,8,3,0,0,1,1795000,1098000,3,25,37900000,2,0.38,7,6.2,0,1,7,34
1333,Energy,Smart Metering,9,3,9,9,4,9,1,1,1,599000,399000,9,10,169800000,2,0.90,5,8.2,1,0,1,97
1334,Education,Credentialing,7,4,7,7,3,6,1,1,0,179500,89800,7,8,23950000,2,0.76,5,6.0,1,0,3,85
1335,Cybersecurity,Encryption,8,6,7,7,4,7,1,1,0,549500,279500,7,15,91950000,2,0.70,6,12.0,1,0,3,80
1336,Agriculture,Automated Harvesting,5,9,3,3,7,2,0,0,1,2995000,1795000,3,29,76950000,1,0.26,8,16.0,0,0,8,32
1337,Healthcare,AI Diagnostics,9,7,6,7,6,5,1,1,1,2195000,1098000,6,21,114800000,2,0.60,8,16.5,1,1,5,60
1338,FinTech,Fraud Detection,8,4,8,8,3,8,1,1,0,169800,84800,8,7,62950000,3,0.88,5,11.0,1,0,2,94
1339,Smart Cities,Traffic Management,7,6,6,6,7,5,0,0,0,839000,439500,6,17,13950000,2,0.66,5,6.8,1,0,4,65
1340,Energy,Biofuels,4,9,3,2,8,2,0,0,1,4495000,6990000,2,43,719500000,1,0.26,8,19.0,1,0,8,30
1341,Education,AI Tutoring,9,4,9,8,3,8,1,1,1,239500,115800,8,9,37950000,2,0.82,5,5.5,1,0,2,91
1342,Cybersecurity,Identity Management,8,5,9,8,4,8,1,1,0,339500,169800,8,11,23950000,2,0.86,5,10.5,1,0,3,88
1343,Agriculture,Drone Monitoring,9,4,8,7,3,8,1,1,1,269500,129800,9,8,43950000,2,0.80,7,9.5,1,0,2,95
1344,Healthcare,Telemedicine,10,2,9,10,1,9,1,1,1,99800,44800,10,4,59950000,3,1.00,3,3.7,1,0,1,100
1345,FinTech,Blockchain Payments,6,8,5,5,6,4,0,0,1,879000,579000,5,19,149800000,3,0.46,8,15.2,0,1,7,42
1346,Smart Cities,Waste Management,7,5,6,6,6,6,1,0,0,399500,239500,6,14,23950000,1,0.64,4,6.0,1,0,4,73
1347,Energy,Solar Storage,9,6,8,8,5,8,1,1,1,3195000,1995000,8,17,499500000,2,0.80,7,10.5,1,0,3,87
1348,Education,VR Classrooms,7,7,5,4,7,5,1,0,0,1398000,999000,5,25,56950000,2,0.48,8,9.2,1,0,6,54
1349,Cybersecurity,Threat Intelligence,9,4,9,9,3,9,1,1,1,299500,149800,9,8,78950000,2,0.86,6,11.5,1,0,2,95
1350,Agriculture,Precision Farming,8,5,8,7,5,7,1,1,0,499500,299500,7,11,109800000,2,0.76,5,8.6,1,0,3,84
1351,Healthcare,Wearables,9,3,9,9,2,8,1,1,1,599500,269800,9,9,219800000,3,0.96,5,7.8,1,0,1,98
1352,FinTech,Robo-Advising,8,5,8,8,3,7,1,1,0,269500,139800,8,10,89950000,3,0.84,4,9.8,1,0,3,87
1353,Smart Cities,Smart Grids,6,8,5,4,9,4,0,0,1,7995000,4995000,4,38,599500000,1,0.48,8,15.6,1,0,7,48
1354,Energy,Wind Turbines,8,6,9,8,8,8,1,1,1,11980000,13980000,7,39,799500000,2,0.70,6,12.6,1,0,4,70
1355,Education,LMS,9,2,9,9,2,9,1,1,1,89900,37900,9,4,39950000,3,0.94,3,3.3,1,0,1,98
1356,Cybersecurity,Network Defense,8,5,8,8,4,7,1,1,0,499500,239500,8,9,144800000,3,0.82,5,7.5,1,0,3,86
1357,Agriculture,Supply Chain,7,4,7,6,4,6,1,0,0,339500,169800,7,11,66950000,2,0.70,5,7.3,1,0,3,80
1358,Healthcare,Electronic Health Records,9,5,9,9,6,8,1,1,1,1998000,1498000,7,17,299800000,3,0.70,5,9.3,1,1,4,73
1359,FinTech,InsurTech,8,4,7,8,3,7,1,1,0,439500,239800,8,11,129800000,2,0.78,6,10.5,1,0,3,87
1360,Smart Cities,Public Safety,5,8,4,3,8,3,0,0,1,1698000,1048000,3,24,39950000,2,0.44,7,6.0,0,1,7,37
1361,Energy,Smart Metering,9,4,9,8,5,8,1,1,1,639500,439500,9,11,179800000,2,0.88,5,8.8,1,0,2,90
1362,Education,Credentialing,8,3,8,7,3,7,1,1,0,169800,84900,8,7,24980000,2,0.80,6,6.3,1,0,3,89
1363,Cybersecurity,Encryption,9,5,8,8,3,8,1,1,1,539500,269800,8,13,93950000,2,0.74,6,12.5,1,0,3,83
1364,Agriculture,Automated Harvesting,5,9,4,3,8,3,0,0,1,3395000,1998000,3,31,79950000,1,0.30,9,16.3,0,0,7,35
1365,Healthcare,AI Diagnostics,8,6,6,5,6,5,1,0,0,2098000,1098000,6,21,114950000,2,0.58,7,15.6,1,1,5,57
1366,FinTech,Fraud Detection,9,3,9,9,2,9,1,1,1,179800,89900,9,6,63950000,3,0.92,6,11.6,1,0,1,98
1367,Smart Cities,Traffic Management,7,5,7,7,6,7,1,1,0,799500,399800,7,15,14980000,2,0.72,5,7.0,1,0,3,78
1368,Energy,Biofuels,5,8,4,3,7,3,0,0,1,4398000,6395000,3,41,739500000,1,0.34,8,19.6,1,0,7,39
1369,Education,AI Tutoring,8,5,7,7,4,7,1,0,0,249800,119900,7,10,39980000,2,0.78,6,5.7,1,0,3,84
1370,Cybersecurity,Identity Management,9,4,9,9,3,9,1,1,1,349800,179800,9,9,24980000,2,0.92,6,10.7,1,0,2,97
1371,Agriculture,Drone Monitoring,8,5,7,6,4,7,0,1,0,299800,149900,7,12,41950000,2,0.70,6,10.0,1,0,3,81
1372,Healthcare,Telemedicine,9,2,9,9,2,9,1,1,1,149800,73900,9,6,57950000,3,0.98,4,5.0,1,0,1,99
1373,FinTech,Blockchain Payments,6,7,6,5,6,5,1,0,1,899500,599500,5,19,139900000,2,0.50,7,14.2,0,1,6,47
1374,Smart Cities,Waste Management,8,4,7,6,5,7,1,1,0,369800,219800,7,13,21980000,1,0.68,4,6.3,1,0,3,82
1375,Energy,Solar Storage,9,5,9,8,4,8,1,1,1,2998000,1698000,8,16,479500000,2,0.82,6,10.1,1,0,2,90
1376,Education,VR Classrooms,6,8,4,4,7,4,0,0,1,1498000,1098000,4,27,53950000,2,0.42,8,9.6,0,0,7,40
1377,Cybersecurity,Threat Intelligence,8,5,7,8,4,7,1,1,0,309800,159800,7,11,73950000,2,0.78,5,10.8,1,0,3,85
1378,Agriculture,Precision Farming,9,4,8,8,4,8,1,1,1,469800,269800,8,11,99950000,2,0.82,5,9.0,1,0,2,93
1379,Healthcare,Wearables,8,4,8,8,3,7,1,1,0,579800,279800,8,11,199800000,3,0.86,5,8.0,1,0,3,87
1380,FinTech,Robo-Advising,9,4,9,9,2,8,1,1,1,239800,119900,9,8,88950000,3,0.90,5,9.7,1,0,2,96
1381,Smart Cities,Smart Grids,6,9,5,4,8,4,0,0,1,7795000,4795000,4,39,579500000,1,0.41,7,15.7,1,0,7,46
1382,Energy,Wind Turbines,8,6,8,7,8,7,1,1,1,10990000,12990000,7,37,779500000,2,0.69,6,12.0,1,0,4,72
1383,Education,LMS,10,2,9,10,1,9,1,1,1,75800,27900,10,3,37950000,3,1.00,3,3.3,1,0,1,100
1384,Cybersecurity,Network Defense,8,5,8,8,4,7,1,1,0,519500,259800,8,10,149900000,3,0.78,5,7.3,1,0,3,88
1385,Agriculture,Supply Chain,8,4,7,6,3,6,1,0,0,319800,159900,7,10,63950000,2,0.74,5,7.7,1,0,3,83
1386,Healthcare,Electronic Health Records,8,6,8,8,6,7,1,1,1,1899000,1399000,6,17,289900000,3,0.68,5,9.0,1,0,4,74
1387,FinTech,InsurTech,7,5,7,7,4,6,1,0,0,449800,249800,7,12,119900000,2,0.72,5,10.0,1,0,3,78
1388,Smart Cities,Public Safety,5,8,4,3,8,3,0,0,1,1798000,1099000,3,25,37950000,2,0.39,7,6.3,0,1,7,35
1389,Energy,Smart Metering,9,3,9,9,4,9,1,1,1,599500,399500,9,10,169900000,2,0.92,5,8.3,1,0,1,98
1390,Education,Credentialing,7,4,7,7,3,6,1,1,0,179800,89900,7,8,23980000,2,0.78,5,6.1,1,0,3,86
1391,Cybersecurity,Encryption,8,6,7,7,4,7,1,1,0,549800,279800,7,15,91980000,2,0.70,6,12.1,1,0,3,81
1392,Agriculture,Automated Harvesting,5,9,3,3,7,2,0,0,1,2998000,1798000,3,29,76980000,1,0.27,8,16.1,0,0,8,33
1393,Healthcare,AI Diagnostics,9,7,6,7,6,5,1,1,1,2198000,1099000,6,21,114900000,2,0.60,8,16.6,1,1,5,61
1394,FinTech,Fraud Detection,8,4,8,8,3,8,1,1,0,169900,84900,8,7,62980000,3,0.90,5,11.1,1,0,2,95
1395,Smart Cities,Traffic Management,7,6,6,6,7,5,0,0,0,839500,439800,6,17,13980000,2,0.66,5,6.9,1,0,4,66
1396,Energy,Biofuels,4,9,3,2,8,2,0,0,1,4498000,6995000,2,43,719800000,1,0.25,8,19.1,1,0,8,31
1397,Education,AI Tutoring,9,4,9,8,3,8,1,1,1,239800,115900,8,9,37980000,2,0.84,5,5.6,1,0,2,92
1398,Cybersecurity,Identity Management,8,5,9,8,4,8,1,1,0,339800,169900,8,11,23980000,2,0.88,5,10.6,1,0,3,89
1399,Agriculture,Drone Monitoring,9,4,8,7,3,8,1,1,1,269800,129900,9,8,43980000,2,0.82,7,9.6,1,0,2,96
1400,Healthcare,Telemedicine,10,2,9,10,1,9,1,1,1,99900,44900,10,4,59980000,3,1.00,3,3.8,1,0,1,100
1401,FinTech,Blockchain Payments,6,8,5,5,6,4,0,0,1,879500,579500,5,19,149900000,3,0.48,8,15.3,0,1,7,43
1402,Smart Cities,Waste Management,7,5,6,6,6,6,1,0,0,399800,239800,6,14,23980000,1,0.66,4,6.1,1,0,4,74
1403,Energy,Solar Storage,9,6,8,8,5,8,1,1,1,3198000,1998000,8,17,499800000,2,0.82,7,10.6,1,0,3,88
1404,Education,VR Classrooms,7,7,5,4,7,5,1,0,0,1399000,999500,5,25,56980000,2,0.50,8,9.3,1,0,6,55
1405,Cybersecurity,Threat Intelligence,9,4,9,9,3,9,1,1,1,299800,149900,9,8,78980000,2,0.88,6,11.6,1,0,2,96
1406,Agriculture,Precision Farming,8,5,8,7,5,7,1,1,0,499800,299800,7,11,109900000,2,0.78,5,8.7,1,0,3,85
1407,Healthcare,Wearables,9,3,9,9,2,8,1,1,1,599800,269900,9,9,219900000,3,0.98,5,7.9,1,0,1,99
1408,FinTech,Robo-Advising,8,5,8,8,3,7,1,1,0,269800,139900,8,10,89980000,3,0.86,4,9.9,1,0,3,88
1409,Smart Cities,Smart Grids,6,8,5,4,9,4,0,0,1,7998000,4998000,4,38,599800000,1,0.50,8,15.7,1,0,7,49
1410,Energy,Wind Turbines,8,6,9,8,8,8,1,1,1,11990000,13990000,7,39,799500000,2,0.72,6,12.7,1,0,4,71
1411,Education,LMS,9,2,9,9,2,9,1,1,1,89950,37950,9,4,39980000,3,0.96,3,3.4,1,0,1,99
1412,Cybersecurity,Network Defense,8,5,8,8,4,7,1,1,0,499800,239800,8,9,144900000,3,0.84,5,7.6,1,0,3,87
1413,Agriculture,Supply Chain,7,4,7,6,4,6,1,0,0,339800,169900,7,11,66980000,2,0.72,5,7.4,1,0,3,81
1414,Healthcare,Electronic Health Records,9,5,9,9,6,8,1,1,1,1999000,1499000,7,17,299900000,3,0.72,5,9.4,1,1,4,74
1415,FinTech,InsurTech,8,4,7,8,3,7,1,1,0,439800,239900,8,11,129900000,2,0.80,6,10.6,1,0,3,88
1416,Smart Cities,Public Safety,5,8,4,3,8,3,0,0,1,1699000,1049000,3,24,39980000,2,0.46,7,6.1,0,1,7,38
1417,Energy,Smart Metering,9,4,9,8,5,8,1,1,1,639800,439800,9,11,179900000,2,0.90,5,8.9,1,0,2,91
1418,Education,Credentialing,8,3,8,7,3,7,1,1,0,169900,84950,8,7,24990000,2,0.82,6,6.4,1,0,3,90
1419,Cybersecurity,Encryption,9,5,8,8,3,8,1,1,1,539800,269900,8,13,93980000,2,0.76,6,12.6,1,0,3,84
1420,Agriculture,Automated Harvesting,5,9,4,3,8,3,0,0,1,3398000,1999000,3,31,79980000,1,0.32,9,16.4,0,0,7,36
1421,Healthcare,AI Diagnostics,8,6,6,5,6,5,1,0,0,2099000,1099000,6,21,114980000,2,0.60,7,15.7,1,1,5,58
1422,FinTech,Fraud Detection,9,3,9,9,2,9,1,1,1,179900,89950,9,6,63980000,3,0.94,6,11.7,1,0,1,99
1423,Smart Cities,Traffic Management,7,5,7,7,6,7,1,1,0,799800,399900,7,15,14990000,2,0.74,5,7.1,1,0,3,79
1424,Energy,Biofuels,5,8,4,3,7,3,0,0,1,4399000,6398000,3,41,739800000,1,0.36,8,19.7,1,0,7,40
1425,Education,AI Tutoring,8,5,7,7,4,7,1,0,0,249900,119950,7,10,39990000,2,0.80,6,5.8,1,0,3,85
1426,Cybersecurity,Identity Management,9,4,9,9,3,9,1,1,1,349900,179900,9,9,24990000,2,0.94,6,10.8,1,0,2,98
1427,Agriculture,Drone Monitoring,8,5,7,6,4,7,0,1,0,299900,149950,7,12,41980000,2,0.72,6,10.1,1,0,3,82
1428,Healthcare,Telemedicine,9,2,9,9,2,9,1,1,1,149900,73950,9,6,57980000,3,1.00,4,5.1,1,0,1,100
1429,FinTech,Blockchain Payments,6,7,6,5,6,5,1,0,1,899800,599800,5,19,139950000,2,0.52,7,14.3,0,1,6,48
1430,Smart Cities,Waste Management,8,4,7,6,5,7,1,1,0,369900,219900,7,13,21990000,1,0.70,4,6.4,1,0,3,83
1431,Energy,Solar Storage,9,5,9,8,4,8,1,1,1,2999000,1699000,8,16,479800000,2,0.84,6,10.2,1,0,2,91
1432,Education,VR Classrooms,6,8,4,4,7,4,0,0,1,1499000,1099000,4,27,53980000,2,0.44,8,9.7,0,0,7,41
1433,Cybersecurity,Threat Intelligence,8,5,7,8,4,7,1,1,0,309900,159900,7,11,73980000,2,0.80,5,10.9,1,0,3,86
1434,Agriculture,Precision Farming,9,4,8,8,4,8,1,1,1,469900,269900,8,11,99980000,2,0.84,5,9.1,1,0,2,94
1435,Healthcare,Wearables,8,4,8,8,3,7,1,1,0,579900,279900,8,11,199900000,3,0.88,5,8.1,1,0,3,88
1436,FinTech,Robo-Advising,9,4,9,9,2,8,1,1,1,239900,119950,9,8,88980000,3,0.92,5,9.8,1,0,2,97
1437,Smart Cities,Smart Grids,6,9,5,4,8,4,0,0,1,7798000,4798000,4,39,579800000,1,0.42,7,15.8,1,0,7,47
1438,Energy,Wind Turbines,8,6,8,7,8,7,1,1,1,10995000,12995000,7,37,779800000,2,0.70,6,12.1,1,0,4,73
1439,Education,LMS,10,2,9,10,1,9,1,1,1,75900,27950,10,3,37980000,3,1.00,3,3.4,1,0,1,100
1440,Cybersecurity,Network Defense,8,5,8,8,4,7,1,1,0,519800,259900,8,10,149950000,3,0.80,5,7.4,1,0,3,89
1441,Agriculture,Supply Chain,8,4,7,6,3,6,1,0,0,319900,159950,7,10,63980000,2,0.76,5,7.8,1,0,3,84
1442,Healthcare,Electronic Health Records,8,6,8,8,6,7,1,1,1,1899500,1399500,6,17,289950000,3,0.70,5,9.1,1,0,4,75
1443,FinTech,InsurTech,7,5,7,7,4,6,1,0,0,449900,249900,7,12,119950000,2,0.74,5,10.1,1,0,3,79
1444,Smart Cities,Public Safety,5,8,4,3,8,3,0,0,1,1799000,1099500,3,25,37980000,2,0.40,7,6.4,0,1,7,36
1445,Energy,Smart Metering,9,3,9,9,4,9,1,1,1,599800,399800,9,10,169950000,2,0.94,5,8.4,1,0,1,99
1446,Education,Credentialing,7,4,7,7,3,6,1,1,0,179900,89950,7,8,23990000,2,0.80,5,6.2,1,0,3,87
1447,Cybersecurity,Encryption,8,6,7,7,4,7,1,1,0,549900,279900,7,15,91990000,2,0.72,6,12.2,1,0,3,82
1448,Agriculture,Automated Harvesting,5,9,3,3,7,2,0,0,1,2999000,1799000,3,29,76990000,1,0.28,8,16.2,0,0,8,34
1449,Healthcare,AI Diagnostics,9,7,6,7,6,5,1,1,1,2199000,1099500,6,21,114950000,2,0.62,8,16.7,1,1,5,62
1450,FinTech,Fraud Detection,8,4,8,8,3,8,1,1,0,169950,84950,8,7,62990000,3,0.92,5,11.2,1,0,2,96
1451,Smart Cities,Traffic Management,7,6,6,6,7,5,0,0,0,839800,439900,6,17,13990000,2,0.68,5,7.0,1,0,4,67
1452,Energy,Biofuels,4,9,3,2,8,2,0,0,1,4499000,6998000,2,43,719900000,1,0.27,8,19.2,1,0,8,32
1453,Education,AI Tutoring,9,4,9,8,3,8,1,1,1,239900,115950,8,9,37990000,2,0.86,5,5.7,1,0,2,93
1454,Cybersecurity,Identity Management,8,5,9,8,4,8,1,1,0,339900,169950,8,11,23990000,2,0.90,5,10.7,1,0,3,90
1455,Agriculture,Drone Monitoring,9,4,8,7,3,8,1,1,1,269900,129950,9,8,43990000,2,0.84,7,9.7,1,0,2,97
1456,Healthcare,Telemedicine,10,2,9,10,1,9,1,1,1,99950,44950,10,4,59990000,3,1.00,3,3.9,1,0,1,100
1457,FinTech,Blockchain Payments,6,8,5,5,6,4,0,0,1,879800,579800,5,19,149950000,3,0.50,8,15.4,0,1,7,44
1458,Smart Cities,Waste Management,7,5,6,6,6,6,1,0,0,399900,239900,6,14,23990000,1,0.68,4,6.2,1,0,4,75
1459,Energy,Solar Storage,9,6,8,8,5,8,1,1,1,3199000,1999000,8,17,499900000,2,0.84,7,10.7,1,0,3,89
1460,Education,VR Classrooms,7,7,5,4,7,5,1,0,0,1399500,999800,5,25,56990000,2,0.52,8,9.4,1,0,6,56
1461,Cybersecurity,Threat Intelligence,9,4,9,9,3,9,1,1,1,299900,149950,9,8,78990000,2,0.90,6,11.7,1,0,2,97
1462,Agriculture,Precision Farming,8,5,8,7,5,7,1,1,0,499900,299900,7,11,109950000,2,0.80,5,8.8,1,0,3,86
1463,Healthcare,Wearables,9,3,9,9,2,8,1,1,1,599900,269950,9,9,219950000,3,1.00,5,8.0,1,0,1,100
1464,FinTech,Robo-Advising,8,5,8,8,3,7,1,1,0,269900,139950,8,10,89990000,3,0.88,4,10.0,1,0,3,89
1465,Smart Cities,Smart Grids,6,8,5,4,9,4,0,0,1,7999000,4999000,4,38,599900000,1,0.52,8,15.8,1,0,7,50
1466,Energy,Wind Turbines,8,6,9,8,8,8,1,1,1,11995000,13995000,7,39,799800000,2,0.74,6,12.8,1,0,4,72
1467,Education,LMS,9,2,9,9,2,9,1,1,1,89980,37980,9,4,39990000,3,0.98,3,3.5,1,0,1,100
1468,Cybersecurity,Network Defense,8,5,8,8,4,7,1,1,0,499900,239900,8,9,144950000,3,0.86,5,7.7,1,0,3,88
1469,Agriculture,Supply Chain,7,4,7,6,4,6,1,0,0,339900,169950,7,11,66990000,2,0.74,5,7.5,1,0,3,82
1470,Healthcare,Electronic Health Records,9,5,9,9,6,8,1,1,1,1999500,1499500,7,17,299950000,3,0.74,5,9.5,1,1,4,75
1471,FinTech,InsurTech,8,4,7,8,3,7,1,1,0,439900,239950,8,11,129950000,2,0.82,6,10.7,1,0,3,89
1472,Smart Cities,Public Safety,5,8,4,3,8,3,0,0,1,1699500,1049500,3,24,39990000,2,0.48,7,6.2,0,1,7,39
1473,Energy,Smart Metering,9,4,9,8,5,8,1,1,1,639900,439900,9,11,179950000,2,0.92,5,9.0,1,0,2,92
1474,Education,Credentialing,8,3,8,7,3,7,1,1,0,169950,84980,8,7,24995000,2,0.84,6,6.5,1,0,3,91
1475,Cybersecurity,Encryption,9,5,8,8,3,8,1,1,1,539900,269950,8,13,93990000,2,0.78,6,12.7,1,0,3,85
1476,Agriculture,Automated Harvesting,5,9,4,3,8,3,0,0,1,3399000,1999500,3,31,79990000,1,0.34,9,16.5,0,0,7,37
1477,Healthcare,AI Diagnostics,8,6,6,5,6,5,1,0,0,2099500,1099500,6,21,114990000,2,0.62,7,15.8,1,1,5,59
1478,FinTech,Fraud Detection,9,3,9,9,2,9,1,1,1,179950,89980,9,6,63990000,3,0.96,6,11.8,1,0,1,100
1479,Smart Cities,Traffic Management,7,5,7,7,6,7,1,1,0,799900,399950,7,15,14995000,2,0.76,5,7.2,1,0,3,80
1480,Energy,Biofuels,5,8,4,3,7,3,0,0,1,4399500,6399000,3,41,739900000,1,0.38,8,19.8,1,0,7,41
1481,Education,AI Tutoring,8,5,7,7,4,7,1,0,0,249950,119980,7,10,39995000,2,0.82,6,5.9,1,0,3,86
1482,Cybersecurity,Identity Management,9,4,9,9,3,9,1,1,1,349950,179950,9,9,24995000,2,0.96,6,10.9,1,0,2,99
1483,Agriculture,Drone Monitoring,8,5,7,6,4,7,0,1,0,299950,149980,7,12,41990000,2,0.74,6,10.2,1,0,3,83
1484,Healthcare,Telemedicine,9,2,9,9,2,9,1,1,1,149950,73980,9,6,57990000,3,1.00,4,5.2,1,0,1,100
1485,FinTech,Blockchain Payments,6,7,6,5,6,5,1,0,1,899900,599900,5,19,139980000,2,0.54,7,14.4,0,1,6,49
1486,Smart Cities,Waste Management,8,4,7,6,5,7,1,1,0,369950,219950,7,13,21995000,1,0.72,4,6.5,1,0,3,84
1487,Energy,Solar Storage,9,5,9,8,4,8,1,1,1,2999500,1699500,8,16,479900000,2,0.86,6,10.3,1,0,2,92
1488,Education,VR Classrooms,6,8,4,4,7,4,0,0,1,1499500,1099500,4,27,53990000,2,0.46,8,9.8,0,0,7,42
1489,Cybersecurity,Threat Intelligence,8,5,7,8,4,7,1,1,0,309950,159950,7,11,73990000,2,0.82,5,11.0,1,0,3,87
1490,Agriculture,Precision Farming,9,4,8,8,4,8,1,1,1,469950,269950,8,11,99990000,2,0.86,5,9.2,1,0,2,95
1491,Healthcare,Wearables,8,4,8,8,3,7,1,1,0,579950,279950,8,11,199950000,3,0.90,5,8.2,1,0,3,89
1492,FinTech,Robo-Advising,9,4,9,9,2,8,1,1,1,239950,119980,9,8,88990000,3,0.94,5,9.9,1,0,2,98
1493,Smart Cities,Smart Grids,6,9,5,4,8,4,0,0,1,7799000,4799000,4,39,579900000,1,0.43,7,15.9,1,0,7,48
1494,Energy,Wind Turbines,8,6,8,7,8,7,1,1,1,10998000,12998000,7,37,779900000,2,0.71,6,12.2,1,0,4,74
1495,Education,LMS,10,2,9,10,1,9,1,1,1,75950,27980,10,3,37990000,3,1.00,3,3.5,1,0,1,100
1496,Cybersecurity,Network Defense,8,5,8,8,4,7,1,1,0,519900,259950,8,10,149980000,3,0.82,5,7.5,1,0,3,90
1497,Agriculture,Supply Chain,8,4,7,6,3,6,1,0,0,319950,159980,7,10,63990000,2,0.78,5,7.9,1,0,3,85
1498,Healthcare,Electronic Health Records,8,6,8,8,6,7,1,1,1,1899800,1399800,6,17,289980000,3,0.72,5,9.2,1,0,4,76
1499,FinTech,InsurTech,7,5,7,7,4,6,1,0,0,449950,249950,7,12,119980000,2,0.76,5,10.2,1,0,3,80
1500,Smart Cities,Public Safety,5,8,4,3,8,3,0,0,1,1799500,1099800,3,25,37990000,2,0.42,7,6.5,0,1,7,37